{"cameraMode":{"drawMode":0,"name":"Shaded","section":"Shading Mode"},"sceneLighting":false,"audioPlay":false,"sceneViewState":{"m_AlwaysRefresh":false,"showFog":true,"showSkybox":false,"showFlares":true,"showImageEffects":true,"showParticleSystems":true,"showVisualEffectGraphs":true,"m_FxEnabled":true},"in2DMode":false,"pivot":{"x":8.580111503601075,"y":11.561599731445313,"z":15.223002433776856},"rotation":{"x":0.00979052297770977,"y":0.14646576344966889,"z":-0.00145270477514714,"w":0.9891793131828308},"size":15.790824890136719,"orthographic":false}